{
  "auc_train": {
    "logistic_regression": 0.6652200499809109,
    "xgboost": 0.7945305233218878,
    "lightgbm": 0.8587739521394537
  },
  "auc_valid": {
    "logistic_regression": 0.6593487379546599,
    "xgboost": 0.6041201628132657,
    "lightgbm": 0.6381730726332926
  },
  "features": [
    "state_AL",
    "state_AZ",
    "state_CA",
    "state_CO",
    "state_FL",
    "state_GA",
    "state_IL",
    "state_MA",
    "state_MI",
    "state_NC",
    "state_NJ",
    "state_NY",
    "state_OH",
    "state_PA",
    "state_TX",
    "state_WA",
    "employment_status_employed",
    "employment_status_retired",
    "employment_status_self_employed",
    "employment_status_student",
    "employment_status_unemployed",
    "risk_segment_high",
    "risk_segment_low",
    "risk_segment_med",
    "income",
    "utilization_rate",
    "num_trades",
    "delinq_12m",
    "inquiries_6m",
    "dti",
    "cltv"
  ]
}