{
  "project": "credit-bureau-sandbox-aws",
  "model_version": "logistic_regression|20250811-152856",
  "artifacts": {
    "model": "outputs/models\\model_logistic_regression_20250811-152856.joblib",
    "feature_manifest": "outputs/models\\feature_manifest_20250811-152856.json",
    "metrics": {
      "evaluation.json": "outputs/metrics\\evaluation.json",
      "metrics.json": "outputs/metrics\\metrics.json"
    },
    "reports": {
      "audit_log_sample.jsonl": "outputs/reports\\audit_log_sample.jsonl",
      "contract_validation.json": "outputs/reports\\contract_validation.json",
      "reason_code_candidates.json": "outputs/reports\\reason_code_candidates.json",
      "shap_global_importance.csv": "outputs/reports\\shap_global_importance.csv",
      "top_reasons_sample.csv": "outputs/reports\\top_reasons_sample.csv"
    },
    "governance": {
      "policy_map": "governance/policy_map.yaml",
      "audit_schema": "docs/audit_log_schema.json",
      "model_card_template": "docs/model_card_template.md",
      "data_contract": "data_contracts/bureau_schema.yaml"
    }
  }
}