feature,mean_abs_shap
delinq_12m,0.290266858489646
utilization_rate,0.26262134603053505
risk_segment_high,0.14662320122203137
dti,0.12165902428744098
income,0.06835358582085728
risk_segment_med,0.062262138711282014
risk_segment_low,0.061888110179063115
inquiries_6m,0.03285666799586431
state_IL,0.012481953368601853
cltv,0.012256952717848732
state_GA,0.007886319435460858
state_OH,0.006123578377143923
employment_status_employed,0.005664211256505471
state_PA,0.004721500766410422
state_NC,0.0046325956616833
state_CA,0.0046192531507024
num_trades,0.004410272605490396
employment_status_student,0.0035739475683037396
state_AZ,0.0034858841628808593
state_AL,0.003292607421728965
state_CO,0.003055247435476098
employment_status_unemployed,0.002959502886976403
state_FL,0.002604254894559901
state_WA,0.0024476672376399227
state_MA,0.0021251620012839845
state_NJ,0.002063229301773219
employment_status_retired,0.002016153980856036
state_MI,0.001840029498905382
employment_status_self_employed,0.0013613856191552931
state_TX,0.0005474218657850115
state_NY,0.0004096773982991129
