customer_id,fico_score,loan_amount,loan_status
1000,675.0,13605,Current
1001,643.0,7014,Current
1002,682.0,6381,Current
1003,726.0,6098,Current
1004,638.0,24810,Default
1005,638.0,14101,Current
1006,729.0,5187,Current
1007,688.0,16948,Default
1008,627.0,15207,Current
1009,677.0,7092,Current
1010,627.0,23514,Current
1011,627.0,10242,Current
1012,662.0,13549,Current
1013,554.0,10185,Current
1014,564.0,20271,Current
1015,622.0,10776,Current
1016,599.0,17449,Current
1017,666.0,12823,Current
1018,605.0,20717,Current
1019,579.0,12355,Default
1020,723.0,11465,Current
1021,639.0,17737,Current
1022,653.0,22881,Current
1023,579.0,18324,Current
1024,623.0,15350,Current
1025,656.0,7555,Current
1026,592.0,7951,Default
1027,669.0,22622,Default
1028,620.0,9727,Current
1029,635.0,10686,Default
1030,620.0,8701,Current
1031,743.0,7780,Current
1032,649.0,22972,Current
1033,597.0,7368,Current
1034,691.0,20592,Default
1035,589.0,5436,Current
1036,660.0,7828,Current
1037,552.0,6556,Default
1038,584.0,18364,Current
1039,660.0,20061,Current
1040,687.0,15576,Current
1041,659.0,21566,Default
1042,644.0,12190,Default
1043,635.0,10565,Current
1044,576.0,20369,Current
1045,614.0,6589,Current
1046,627.0,5159,Default
1047,703.0,17145,Current
1048,667.0,20373,Current
1049,562.0,11555,Default
1050,666.0,21237,Current
1051,631.0,14203,Current
1052,616.0,13244,Current
1053,681.0,19743,Default
1054,702.0,18333,Current
1055,697.0,18341,Current
1056,608.0,23691,Current
1057,635.0,6228,Current
1058,667.0,10590,Current
1059,699.0,10585,Current
1060,626.0,14227,Default
1061,641.0,11046,Current
1062,595.0,17237,Current
1063,590.0,20649,Current
1064,691.0,9945,Current
1065,718.0,12927,Default
1066,646.0,17641,Current
1067,700.0,20998,Current
1068,668.0,18386,Current
1069,618.0,12016,Current
1070,668.0,19027,Current
1071,727.0,20920,Current
1072,648.0,18752,Default
1073,728.0,23268,Default
1074,519.0,23193,Current
1075,691.0,8167,Default
1076,654.0,16989,Current
1077,635.0,19087,Current
1078,655.0,7437,Current
1079,551.0,20275,Current
1080,639.0,10276,Current
1081,668.0,13859,Current
1082,724.0,12818,Current
1083,624.0,9728,Current
1084,610.0,24008,Current
1085,625.0,10738,Default
1086,696.0,10793,Current
1087,666.0,9523,Current
1088,624.0,10571,Current
1089,676.0,21209,Current
1090,655.0,20246,Default
1091,698.0,15380,Current
1092,615.0,7224,Current
1093,634.0,13389,Default
1094,630.0,20927,Current
1095,577.0,16684,Current
1096,665.0,15640,Current
1097,663.0,13662,Default
1098,650.0,11361,Current
1099,638.0,6948,Current
1100,579.0,17091,Current
1101,629.0,16992,Current
1102,633.0,11318,Current
1103,610.0,17180,Current
1104,642.0,5234,Current
1105,670.0,20372,Default
1106,744.0,24991,Default
1107,659.0,5522,Current
1108,663.0,17718,Default
1109,646.0,14821,Current
1110,554.0,10832,Current
1111,649.0,17820,Current
1112,653.0,21211,Default
1113,773.0,12122,Default
1114,640.0,10842,Current
1115,665.0,6316,Default
1116,648.0,18200,Current
1117,592.0,22508,Default
1118,707.0,20206,Default
1119,688.0,23971,Current
1120,690.0,6378,Default
1121,605.0,24758,Current
1122,720.0,6519,Current
1123,580.0,12935,Current
1124,679.0,11093,Current
1125,760.0,10355,Default
1126,600.0,14083,Current
1127,622.0,10574,Current
1128,655.0,18324,Default
1129,625.0,7257,Default
1130,572.0,18411,Current
1131,653.0,20233,Default
1132,597.0,20887,Current
1133,674.0,24621,Default
1134,604.0,7005,Current
1135,727.0,23400,Current
1136,611.0,15860,Current
1137,634.0,15070,Current
1138,691.0,14388,Current
1139,588.0,23156,Current
1140,661.0,23135,Current
1141,715.0,19609,Default
1142,570.0,21363,Current
1143,659.0,24604,Current
1144,663.0,21923,Current
1145,689.0,19823,Current
1146,588.0,22845,Default
1147,584.0,13547,Default
1148,676.0,16515,Current
1149,665.0,5234,Current
1150,663.0,19562,Default
1151,667.0,22932,Current
1152,616.0,12480,Default
1153,662.0,9213,Current
1154,665.0,15293,Default
1155,614.0,6673,Current
1156,743.0,7100,Current
1157,674.0,16849,Default
1158,590.0,24557,Current
1159,683.0,23199,Current
1160,601.0,8841,Current
1161,689.0,15197,Current
1162,708.0,13016,Current
1163,609.0,12011,Current
1164,698.0,9493,Current
1165,671.0,22058,Current
1166,691.0,13578,Default
1167,745.0,7158,Current
1168,638.0,24045,Current
1169,612.0,7064,Current
1170,606.0,8253,Current
1171,609.0,17828,Current
1172,646.0,6401,Current
1173,667.0,24643,Current
1174,664.0,20193,Current
1175,691.0,17096,Current
1176,651.0,9214,Current
1177,723.0,24611,Current
1178,637.0,16023,Current
1179,786.0,16950,Current
1180,681.0,15704,Current
1181,607.0,15343,Default
1182,596.0,16867,Current
1183,674.0,7745,Current
1184,639.0,8866,Current
1185,686.0,16956,Current
1186,674.0,10818,Current
1187,646.0,23606,Current
1188,608.0,21093,Default
1189,574.0,24176,Current
1190,628.0,20493,Default
1191,693.0,22908,Current
1192,661.0,13224,Current
1193,588.0,9025,Current
1194,659.0,23950,Current
1195,669.0,24187,Current
1196,606.0,11155,Current
1197,658.0,18839,Current
1198,653.0,5719,Default
1199,593.0,19890,Default
1200,668.0,22356,Current
1201,678.0,23591,Current
1202,704.0,9426,Current
1203,703.0,17512,Current
1204,581.0,20064,Current
1205,603.0,18767,Current
1206,676.0,16308,Current
1207,676.0,16477,Current
1208,676.0,17903,Default
1209,843.0,13680,Current
1210,679.0,7204,Default
1211,707.0,24660,Current
1212,698.0,6102,Current
1213,683.0,10243,Current
1214,634.0,11614,Current
1215,688.0,21299,Current
1216,611.0,13707,Current
1217,638.0,18913,Current
1218,626.0,5630,Current
1219,654.0,16908,Current
1220,766.0,15847,Current
1221,557.0,14171,Current
1222,684.0,17721,Current
1223,569.0,21661,Current
1224,626.0,21616,Current
1225,704.0,14744,Default
1226,653.0,10690,Current
1227,596.0,18401,Default
1228,614.0,12659,Current
1229,684.0,15601,Current
1230,613.0,16704,Current
1231,661.0,5025,Current
1232,652.0,20384,Current
1233,617.0,18705,Default
1234,757.0,13652,Current
1235,682.0,18379,Current
1236,549.0,12006,Current
1237,659.0,24867,Default
1238,617.0,23378,Current
1239,693.0,13682,Current
1240,610.0,6072,Current
1241,644.0,5215,Default
1242,675.0,14915,Default
1243,693.0,14784,Current
1244,590.0,23990,Default
1245,633.0,19824,Default
1246,626.0,8313,Current
1247,617.0,16033,Current
1248,738.0,14968,Current
1249,670.0,21241,Default
1250,587.0,10939,Current
1251,696.0,19696,Default
1252,756.0,19794,Current
1253,702.0,7295,Default
1254,574.0,6696,Current
1255,626.0,16185,Current
1256,713.0,23330,Default
1257,615.0,17001,Default
1258,672.0,19350,Default
1259,689.0,24167,Current
1260,604.0,8644,Current
1261,647.0,11420,Current
1262,488.0,16837,Current
1263,599.0,24029,Current
1264,637.0,11353,Current
1265,588.0,15541,Current
1266,732.0,6932,Default
1267,578.0,16486,Current
1268,628.0,6757,Current
1269,657.0,10085,Current
1270,722.0,10637,Current
1271,578.0,6116,Current
1272,708.0,15759,Default
1273,651.0,16691,Default
1274,601.0,5492,Default
1275,673.0,13811,Default
1276,660.0,11474,Current
1277,620.0,19385,Current
1278,653.0,14738,Current
1279,631.0,18979,Current
1280,656.0,16755,Current
1281,683.0,14797,Current
1282,729.0,19607,Current
1283,588.0,17867,Current
1284,757.0,24127,Current
1285,552.0,12866,Current
1286,642.0,20449,Current
1287,679.0,15685,Current
1288,664.0,10451,Current
1289,619.0,13548,Default
1290,640.0,12186,Current
1291,625.0,11102,Current
1292,621.0,5619,Default
1293,692.0,5882,Current
1294,668.0,8642,Current
1295,615.0,6296,Current
1296,695.0,19122,Current
1297,665.0,7895,Default
1298,691.0,22313,Default
1299,681.0,10366,Current
1300,609.0,13711,Current
1301,622.0,24596,Current
1302,687.0,23793,Current
1303,681.0,13199,Current
1304,649.0,15717,Current
1305,656.0,8423,Current
1306,714.0,15211,Current
1307,620.0,17782,Current
1308,677.0,17474,Current
1309,640.0,8667,Current
1310,639.0,13277,Default
1311,705.0,17424,Current
1312,691.0,23852,Current
1313,691.0,23020,Default
1314,715.0,13155,Current
1315,651.0,8583,Current
1316,684.0,20515,Current
1317,634.0,9009,Current
1318,666.0,24710,Current
1319,643.0,15410,Current
1320,655.0,23601,Current
1321,680.0,9967,Default
1322,609.0,23753,Current
1323,755.0,15695,Current
1324,600.0,14135,Default
1325,589.0,10722,Current
1326,708.0,20514,Default
1327,690.0,16128,Current
1328,681.0,9444,Default
1329,681.0,12618,Current
1330,649.0,23060,Default
1331,605.0,6196,Default
1332,654.0,17297,Current
1333,616.0,7787,Current
1334,699.0,12927,Current
1335,643.0,24702,Current
1336,609.0,7176,Current
1337,634.0,13792,Current
1338,671.0,14171,Current
1339,622.0,7451,Current
1340,609.0,5628,Current
1341,662.0,14821,Current
1342,662.0,12778,Current
1343,625.0,8696,Current
1344,626.0,24149,Current
1345,662.0,17972,Current
1346,578.0,13307,Current
1347,580.0,9956,Current
1348,614.0,15195,Current
1349,639.0,22076,Default
1350,666.0,24546,Current
1351,724.0,6105,Current
1352,693.0,24392,Current
1353,642.0,23545,Default
1354,649.0,20417,Default
1355,600.0,19188,Current
1356,649.0,17602,Current
1357,636.0,14256,Default
1358,666.0,19212,Current
1359,609.0,6913,Current
1360,676.0,15593,Current
1361,727.0,6772,Current
1362,645.0,24164,Default
1363,670.0,17996,Default
1364,685.0,7871,Default
1365,630.0,18234,Current
1366,661.0,22044,Default
1367,651.0,15521,Current
1368,655.0,15642,Current
1369,611.0,6132,Default
1370,651.0,5699,Current
1371,675.0,19534,Current
1372,723.0,15230,Current
1373,698.0,11297,Default
1374,758.0,17839,Current
1375,612.0,12812,Current
1376,694.0,9557,Current
1377,659.0,7179,Default
1378,759.0,16030,Default
1379,610.0,14065,Current
1380,608.0,13275,Current
1381,620.0,22806,Current
1382,544.0,20089,Default
1383,624.0,8180,Current
1384,612.0,11696,Default
1385,658.0,14583,Current
1386,667.0,21998,Default
1387,744.0,18869,Default
1388,698.0,16757,Current
1389,621.0,21654,Default
1390,605.0,17258,Current
1391,675.0,7468,Current
1392,584.0,19208,Current
1393,742.0,20042,Default
1394,709.0,20639,Current
1395,627.0,16546,Current
1396,564.0,17327,Current
1397,718.0,19270,Current
1398,644.0,20523,Current
1399,712.0,19300,Current
1400,570.0,24991,Default
1401,620.0,15775,Current
1402,650.0,17265,Current
1403,652.0,24459,Current
1404,627.0,21673,Current
1405,681.0,11614,Default
1406,597.0,8252,Default
1407,643.0,12415,Current
1408,656.0,21662,Default
1409,676.0,16116,Default
1410,686.0,21964,Default
1411,594.0,9958,Current
1412,573.0,9276,Default
1413,714.0,9776,Current
1414,667.0,22208,Current
1415,613.0,8832,Current
1416,728.0,19901,Current
1417,656.0,10445,Current
1418,709.0,6380,Current
1419,653.0,14865,Current
1420,753.0,18926,Default
1421,738.0,24540,Default
1422,638.0,16580,Current
1423,699.0,10634,Default
1424,682.0,10810,Default
1425,718.0,15179,Default
1426,602.0,17251,Current
1427,684.0,18131,Current
1428,703.0,24493,Default
1429,562.0,17707,Current
1430,591.0,24624,Current
1431,548.0,23233,Current
1432,637.0,7749,Current
1433,686.0,18156,Current
1434,725.0,21589,Current
1435,654.0,8450,Current
1436,731.0,12214,Default
1437,581.0,16814,Default
1438,565.0,10141,Current
1439,647.0,7708,Default
1440,669.0,23375,Current
1441,648.0,20088,Current
1442,547.0,16834,Default
1443,646.0,17278,Default
1444,585.0,15014,Default
1445,683.0,8273,Current
1446,668.0,19367,Default
1447,603.0,9538,Current
1448,624.0,17541,Default
1449,597.0,13712,Default
1450,647.0,14168,Current
1451,698.0,8551,Current
1452,601.0,17297,Default
1453,675.0,15965,Current
1454,623.0,7832,Current
1455,610.0,18422,Default
1456,645.0,5152,Current
1457,598.0,16156,Default
1458,622.0,16108,Current
1459,590.0,7800,Current
1460,748.0,10310,Default
1461,652.0,14944,Current
1462,615.0,7610,Current
1463,661.0,17067,Default
1464,644.0,6104,Current
1465,639.0,15728,Current
1466,681.0,12263,Current
1467,688.0,6914,Default
1468,623.0,24456,Default
1469,621.0,5406,Default
1470,636.0,18689,Current
1471,535.0,5166,Default
1472,574.0,5508,Current
1473,718.0,23045,Current
1474,732.0,8664,Current
1475,638.0,24873,Default
1476,679.0,18050,Default
1477,666.0,5680,Current
1478,804.0,23908,Current
1479,706.0,23504,Default
1480,644.0,9357,Current
1481,602.0,6363,Default
1482,570.0,14523,Current
1483,660.0,7292,Current
1484,612.0,6538,Current
1485,579.0,8408,Current
1486,618.0,13752,Default
1487,596.0,23287,Current
1488,734.0,5174,Default
1489,694.0,7230,Current
1490,650.0,9287,Current
1491,724.0,17112,Current
1492,654.0,12106,Current
1493,607.0,14689,Default
1494,726.0,17046,Current
1495,677.0,24555,Current
1496,598.0,22951,Current
1497,640.0,6151,Current
1498,606.0,12619,Current
1499,581.0,11033,Default
1500,696.0,13560,Current
1501,745.0,9946,Current
1502,580.0,6907,Current
1503,678.0,8490,Default
1504,617.0,23919,Current
1505,626.0,9173,Current
1506,620.0,16065,Current
1507,607.0,22677,Current
1508,652.0,9769,Current
1509,608.0,9796,Current
1510,664.0,18046,Default
1511,647.0,19211,Current
1512,638.0,24356,Default
1513,605.0,9997,Current
1514,621.0,22376,Current
1515,688.0,13112,Current
1516,675.0,10287,Current
1517,601.0,15578,Default
1518,655.0,23624,Current
1519,688.0,22860,Current
1520,567.0,11426,Current
1521,677.0,16599,Default
1522,617.0,5389,Current
1523,679.0,5999,Default
1524,612.0,17812,Current
1525,560.0,20599,Current
1526,569.0,6855,Current
1527,652.0,13125,Current
1528,663.0,18794,Current
1529,605.0,7763,Current
1530,682.0,9986,Default
1531,567.0,6481,Default
1532,647.0,8731,Default
1533,589.0,21835,Current
1534,617.0,24477,Current
1535,652.0,22266,Current
1536,607.0,15758,Default
1537,631.0,24661,Default
1538,700.0,21311,Current
1539,621.0,13566,Current
1540,692.0,16889,Current
1541,594.0,16254,Current
1542,676.0,16442,Current
1543,722.0,18521,Current
1544,526.0,9559,Default
1545,610.0,21199,Current
1546,679.0,12291,Current
1547,640.0,13160,Default
1548,669.0,5112,Current
1549,620.0,24581,Current
1550,654.0,20924,Current
1551,642.0,21523,Current
1552,708.0,6424,Current
1553,663.0,24333,Default
1554,667.0,24552,Current
1555,629.0,15808,Current
1556,626.0,11043,Current
1557,628.0,11989,Current
1558,670.0,11261,Default
1559,629.0,5887,Default
1560,664.0,24488,Current
1561,754.0,21433,Default
1562,694.0,24944,Current
1563,634.0,21402,Default
1564,710.0,17253,Current
1565,630.0,23990,Default
1566,548.0,12846,Default
1567,600.0,11432,Current
1568,556.0,18452,Current
1569,632.0,18395,Default
1570,651.0,8765,Default
1571,734.0,23822,Current
1572,666.0,20950,Default
1573,639.0,17502,Current
1574,691.0,14741,Current
1575,539.0,10941,Current
1576,662.0,9855,Current
1577,689.0,20166,Default
1578,576.0,24145,Current
1579,707.0,10788,Default
1580,667.0,5201,Current
1581,629.0,15561,Current
1582,682.0,21901,Current
1583,764.0,12737,Current
1584,659.0,6988,Current
1585,662.0,20441,Current
1586,627.0,16737,Current
1587,608.0,19256,Current
1588,692.0,12162,Current
1589,607.0,18065,Current
1590,654.0,19114,Default
1591,626.0,13399,Default
1592,674.0,10633,Current
1593,667.0,10755,Current
1594,702.0,15825,Current
1595,624.0,9117,Default
1596,637.0,6518,Current
1597,601.0,21346,Current
1598,628.0,7600,Current
1599,669.0,18237,Current
1600,688.0,23579,Current
1601,604.0,8554,Default
1602,693.0,21193,Current
1603,718.0,24233,Current
1604,671.0,20253,Current
1605,744.0,21194,Current
1606,611.0,6742,Default
1607,588.0,6306,Current
1608,561.0,8849,Default
1609,725.0,17360,Current
1610,683.0,17768,Current
1611,647.0,18032,Default
1612,664.0,9195,Current
1613,594.0,23939,Default
1614,772.0,23689,Current
1615,656.0,12619,Default
1616,655.0,14280,Current
1617,686.0,7642,Current
1618,674.0,14369,Default
1619,661.0,19296,Default
1620,610.0,20438,Default
1621,674.0,20674,Default
1622,744.0,9757,Default
1623,717.0,7994,Current
1624,730.0,20226,Current
1625,624.0,6271,Current
1626,601.0,6813,Current
1627,644.0,23845,Current
1628,653.0,13475,Current
1629,705.0,9396,Current
1630,565.0,14283,Current
1631,726.0,18318,Current
1632,642.0,22200,Current
1633,629.0,5082,Current
1634,599.0,6920,Default
1635,567.0,12817,Default
1636,691.0,16683,Current
1637,654.0,16336,Current
1638,586.0,20596,Current
1639,585.0,7093,Current
1640,633.0,17905,Current
1641,733.0,13367,Current
1642,637.0,10285,Current
1643,575.0,15896,Current
1644,638.0,9937,Default
1645,636.0,21753,Default
1646,515.0,23202,Current
1647,647.0,23485,Current
1648,638.0,17977,Current
1649,685.0,24874,Current
1650,742.0,23163,Default
1651,706.0,12674,Current
1652,637.0,22748,Default
1653,595.0,8676,Current
1654,779.0,7426,Default
1655,653.0,7962,Current
1656,651.0,5859,Default
1657,649.0,17048,Current
1658,660.0,9138,Current
1659,643.0,7424,Current
1660,621.0,15409,Current
1661,623.0,9017,Default
1662,648.0,15451,Default
1663,623.0,15278,Default
1664,614.0,15996,Current
1665,655.0,6134,Default
1666,637.0,10119,Current
1667,725.0,10694,Current
1668,517.0,9164,Current
1669,705.0,23730,Current
1670,712.0,10039,Current
1671,546.0,19631,Current
1672,633.0,15442,Current
1673,631.0,13252,Default
1674,580.0,22721,Current
1675,611.0,22568,Current
1676,594.0,6551,Current
1677,738.0,17625,Current
1678,697.0,6629,Current
1679,714.0,22910,Current
1680,686.0,6361,Current
1681,594.0,9370,Current
1682,624.0,10283,Current
1683,674.0,12610,Default
1684,589.0,15558,Current
1685,686.0,19924,Current
1686,638.0,19839,Default
1687,631.0,16949,Current
1688,686.0,15626,Current
1689,672.0,6993,Default
1690,632.0,5869,Current
1691,708.0,6014,Current
1692,596.0,15103,Current
1693,681.0,21986,Current
1694,680.0,17013,Current
1695,635.0,5690,Current
1696,666.0,21873,Current
1697,587.0,15748,Current
1698,696.0,13024,Current
1699,641.0,21678,Current
1700,624.0,10488,Current
1701,702.0,16035,Current
1702,615.0,24296,Current
1703,580.0,23257,Default
1704,572.0,17855,Current
1705,680.0,24642,Current
1706,586.0,7817,Current
1707,738.0,9458,Current
1708,546.0,10307,Default
1709,735.0,13933,Current
1710,661.0,23425,Default
1711,645.0,22063,Current
1712,623.0,15659,Default
1713,670.0,10738,Current
1714,648.0,10668,Default
1715,705.0,19427,Current
1716,656.0,12697,Current
1717,658.0,21446,Current
1718,632.0,12829,Current
1719,647.0,15751,Default
1720,665.0,18450,Current
1721,564.0,12352,Current
1722,583.0,18516,Default
1723,687.0,13326,Current
1724,659.0,8644,Default
1725,641.0,13003,Default
1726,651.0,8278,Current
1727,667.0,12296,Default
1728,623.0,8074,Current
1729,611.0,18261,Current
1730,660.0,16173,Current
1731,601.0,13312,Current
1732,670.0,6637,Default
1733,565.0,18652,Default
1734,701.0,10103,Current
1735,674.0,22028,Current
1736,663.0,7032,Default
1737,699.0,7761,Current
1738,733.0,20195,Current
1739,701.0,23452,Current
1740,558.0,21625,Default
1741,586.0,7668,Current
1742,619.0,19638,Default
1743,651.0,20954,Default
1744,676.0,22186,Current
1745,614.0,17356,Current
1746,659.0,5195,Default
1747,612.0,7187,Current
1748,619.0,16707,Default
1749,580.0,7330,Default
1750,604.0,8606,Current
1751,582.0,5060,Default
1752,601.0,19387,Default
1753,703.0,8927,Default
1754,603.0,11296,Current
1755,782.0,18622,Current
1756,675.0,19125,Current
1757,659.0,7591,Current
1758,607.0,17127,Current
1759,685.0,20748,Default
1760,621.0,11121,Current
1761,656.0,6200,Current
1762,778.0,20721,Current
1763,645.0,24238,Default
1764,707.0,16087,Current
1765,615.0,11972,Current
1766,648.0,5136,Current
1767,739.0,22413,Default
1768,619.0,20346,Current
1769,741.0,23978,Current
1770,685.0,5661,Default
1771,622.0,7472,Default
1772,682.0,5086,Default
1773,699.0,15704,Current
1774,681.0,11219,Current
1775,571.0,21322,Default
1776,614.0,19749,Current
1777,638.0,11968,Default
1778,646.0,24157,Current
1779,681.0,18596,Current
1780,659.0,6700,Current
1781,583.0,7700,Current
1782,669.0,16821,Current
1783,681.0,23031,Current
1784,678.0,10520,Default
1785,704.0,16510,Current
1786,692.0,8687,Current
1787,673.0,21980,Default
1788,646.0,13837,Current
1789,567.0,19955,Current
1790,671.0,16281,Default
1791,660.0,18917,Current
1792,664.0,9757,Default
1793,586.0,18045,Default
1794,596.0,13912,Default
1795,703.0,9733,Current
1796,648.0,12081,Current
1797,684.0,13690,Current
1798,651.0,6673,Current
1799,651.0,19318,Default
1800,697.0,16171,Current
1801,624.0,18545,Current
1802,655.0,16803,Default
1803,627.0,7294,Current
1804,628.0,8630,Current
1805,635.0,20093,Current
1806,661.0,21530,Default
1807,626.0,19453,Current
1808,713.0,17174,Default
1809,605.0,8453,Current
1810,641.0,9507,Default
1811,628.0,15602,Default
1812,722.0,10628,Current
1813,660.0,13328,Current
1814,702.0,20534,Current
1815,576.0,24744,Default
1816,663.0,24389,Current
1817,694.0,8552,Current
1818,654.0,21402,Current
1819,703.0,7242,Current
1820,624.0,19665,Current
1821,720.0,10097,Current
1822,765.0,13640,Current
1823,632.0,6948,Default
1824,628.0,10618,Current
1825,723.0,9236,Current
1826,729.0,6920,Default
1827,624.0,16169,Default
1828,629.0,9188,Default
1829,636.0,17207,Current
1830,583.0,5238,Current
1831,604.0,5204,Current
1832,600.0,15799,Default
1833,612.0,10552,Current
1834,648.0,9927,Current
1835,662.0,16164,Current
1836,728.0,9390,Current
1837,600.0,24071,Current
1838,699.0,20641,Current
1839,639.0,11160,Current
1840,648.0,20810,Current
1841,684.0,10126,Default
1842,594.0,5816,Default
1843,669.0,18414,Default
1844,658.0,5192,Default
1845,675.0,23160,Current
1846,664.0,8645,Current
1847,773.0,17816,Current
1848,618.0,11314,Current
1849,623.0,23172,Current
1850,619.0,12374,Current
1851,622.0,8700,Current
1852,618.0,15655,Current
1853,709.0,20129,Current
1854,721.0,14359,Current
1855,621.0,8893,Default
1856,608.0,11811,Current
1857,674.0,14288,Current
1858,622.0,24063,Current
1859,682.0,5504,Current
1860,660.0,14813,Current
1861,574.0,19671,Current
1862,727.0,15738,Current
1863,740.0,16186,Current
1864,619.0,11773,Default
1865,631.0,8816,Default
1866,664.0,5717,Current
1867,667.0,16676,Current
1868,683.0,9434,Default
1869,751.0,22042,Current
1870,641.0,10057,Current
1871,610.0,9994,Current
1872,581.0,9234,Default
1873,613.0,8764,Current
1874,648.0,16181,Current
1875,740.0,9637,Default
1876,624.0,7104,Current
1877,661.0,14447,Current
1878,649.0,15674,Default
1879,709.0,23991,Current
1880,776.0,13385,Current
1881,623.0,16999,Current
1882,626.0,8719,Current
1883,702.0,7581,Current
1884,684.0,23949,Current
1885,742.0,7763,Current
1886,679.0,10991,Default
1887,632.0,15531,Current
1888,680.0,24790,Current
1889,705.0,16064,Current
1890,691.0,16312,Default
1891,675.0,9780,Current
1892,703.0,9177,Current
1893,708.0,20169,Current
1894,719.0,11476,Current
1895,682.0,23988,Current
1896,642.0,7382,Default
1897,657.0,21915,Current
1898,710.0,17508,Current
1899,609.0,5634,Current
1900,668.0,16996,Default
1901,630.0,19162,Current
1902,651.0,21386,Current
1903,714.0,19005,Current
1904,660.0,13397,Current
1905,652.0,17327,Current
1906,582.0,19394,Current
1907,687.0,7890,Current
1908,682.0,15858,Current
1909,758.0,13026,Current
1910,635.0,8306,Current
1911,661.0,5897,Current
1912,662.0,14277,Default
1913,729.0,14471,Default
1914,645.0,19896,Default
1915,664.0,20240,Default
1916,680.0,19683,Current
1917,659.0,5670,Default
1918,628.0,22889,Current
1919,660.0,16767,Current
1920,704.0,18006,Current
1921,599.0,20768,Current
1922,657.0,21633,Default
1923,615.0,6892,Current
1924,710.0,8439,Current
1925,574.0,7854,Default
1926,622.0,16577,Current
1927,669.0,16763,Current
1928,728.0,16618,Default
1929,647.0,13235,Current
1930,622.0,24996,Current
1931,744.0,7618,Current
1932,578.0,8163,Current
1933,540.0,7942,Default
1934,672.0,6925,Current
1935,625.0,7972,Current
1936,599.0,16705,Current
1937,685.0,15640,Current
1938,662.0,15966,Default
1939,622.0,22374,Current
1940,586.0,16138,Current
1941,694.0,23196,Current
1942,683.0,20935,Current
1943,645.0,18145,Default
1944,742.0,5489,Current
1945,596.0,16748,Current
1946,574.0,24275,Current
1947,615.0,8516,Default
1948,648.0,24724,Current
1949,662.0,11410,Default
1950,638.0,5053,Current
1951,668.0,23959,Default
1952,587.0,21999,Current
1953,722.0,10944,Current
1954,646.0,12404,Current
1955,706.0,5954,Current
1956,667.0,15625,Default
1957,673.0,6629,Default
1958,678.0,15973,Current
1959,672.0,11859,Current
1960,682.0,13841,Current
1961,716.0,15539,Default
1962,660.0,17682,Current
1963,685.0,8278,Current
1964,646.0,23945,Current
1965,722.0,11539,Current
1966,616.0,21754,Current
1967,740.0,5857,Current
1968,648.0,9886,Current
1969,578.0,17945,Default
1970,656.0,12485,Current
1971,616.0,18680,Current
1972,692.0,21767,Current
1973,617.0,19397,Default
1974,628.0,15744,Current
1975,556.0,9334,Current
1976,627.0,24109,Current
1977,529.0,17226,Current
1978,571.0,18440,Current
1979,688.0,20020,Default
1980,689.0,9251,Default
1981,671.0,17180,Current
1982,602.0,21140,Current
1983,648.0,5922,Default
1984,650.0,24299,Current
1985,592.0,12957,Default
1986,725.0,24430,Current
1987,694.0,20796,Default
1988,639.0,6230,Default
1989,651.0,15627,Default
1990,660.0,15006,Current
1991,548.0,9933,Current
1992,638.0,19295,Default
1993,616.0,21377,Current
1994,600.0,5203,Current
1995,636.0,21544,Default
1996,740.0,20899,Default
1997,682.0,8748,Default
1998,621.0,11718,Current
1999,679.0,23965,Default
2000,720.0,6093,Default
2001,696.0,20228,Current
2002,653.0,21034,Current
2003,618.0,10710,Current
2004,685.0,14732,Current
2005,670.0,24259,Default
2006,695.0,8191,Current
2007,682.0,23221,Default
2008,702.0,5689,Default
2009,623.0,7103,Current
2010,716.0,5365,Default
2011,660.0,19010,Current
2012,754.0,16767,Default
2013,616.0,21103,Current
2014,737.0,17742,Default
2015,660.0,17391,Current
2016,617.0,9172,Current
2017,626.0,20623,Default
2018,634.0,7378,Current
2019,671.0,22589,Current
2020,676.0,17031,Current
2021,621.0,10669,Default
2022,649.0,7735,Current
2023,757.0,14867,Current
2024,736.0,13490,Current
2025,672.0,5956,Current
2026,652.0,14306,Current
2027,656.0,11623,Current
2028,681.0,19908,Current
2029,599.0,22858,Current
2030,637.0,9460,Current
2031,567.0,18986,Default
2032,670.0,17638,Current
2033,682.0,24212,Current
2034,626.0,7850,Current
2035,729.0,18299,Current
2036,589.0,15698,Default
2037,577.0,24348,Current
2038,661.0,9594,Current
2039,702.0,19282,Current
2040,734.0,21285,Current
2041,627.0,19334,Current
2042,704.0,11644,Current
2043,648.0,7850,Current
2044,641.0,19933,Default
2045,694.0,5165,Current
2046,683.0,15701,Current
2047,571.0,5919,Default
2048,724.0,13305,Default
2049,719.0,24888,Current
2050,619.0,22375,Default
2051,670.0,20715,Default
2052,675.0,8839,Current
2053,663.0,22642,Current
2054,622.0,16618,Current
2055,616.0,18519,Default
2056,649.0,15776,Current
2057,709.0,5067,Current
2058,677.0,14788,Default
2059,631.0,10660,Current
2060,689.0,9478,Current
2061,508.0,13210,Current
2062,707.0,15922,Current
2063,563.0,8521,Default
2064,632.0,5572,Current
2065,594.0,12082,Default
2066,585.0,10395,Current
2067,708.0,20407,Current
2068,627.0,23642,Default
2069,667.0,16094,Current
2070,648.0,5650,Current
2071,674.0,10741,Current
2072,654.0,18281,Default
2073,586.0,11838,Current
2074,700.0,23971,Current
2075,625.0,8262,Current
2076,572.0,22722,Current
2077,629.0,9996,Default
2078,725.0,16826,Current
2079,693.0,7827,Current
2080,633.0,19211,Current
2081,633.0,10232,Current
2082,634.0,7217,Default
2083,754.0,24923,Current
2084,669.0,19232,Default
2085,672.0,19026,Current
2086,702.0,24345,Current
2087,662.0,24610,Default
2088,637.0,18878,Current
2089,640.0,11837,Default
2090,646.0,12031,Default
2091,648.0,19806,Current
2092,686.0,8716,Current
2093,653.0,8414,Default
2094,687.0,22832,Current
2095,646.0,5570,Current
2096,654.0,24288,Current
2097,550.0,18288,Current
2098,696.0,23889,Default
2099,667.0,5917,Current
2100,700.0,15066,Current
2101,505.0,11982,Current
2102,754.0,11336,Current
2103,643.0,23062,Current
2104,705.0,21999,Default
2105,598.0,14941,Current
2106,681.0,17380,Default
2107,597.0,24889,Default
2108,619.0,16667,Current
2109,746.0,9529,Current
2110,640.0,22519,Current
2111,661.0,17192,Current
2112,694.0,13566,Default
2113,675.0,12226,Default
2114,658.0,10162,Current
2115,668.0,21590,Current
2116,770.0,6319,Default
2117,647.0,6141,Default
2118,660.0,9627,Current
2119,703.0,19501,Current
2120,705.0,7690,Current
2121,709.0,12323,Default
2122,682.0,8255,Current
2123,593.0,10213,Current
2124,732.0,9108,Current
2125,593.0,24404,Current
2126,665.0,23241,Current
2127,612.0,24173,Default
2128,647.0,14802,Current
2129,666.0,16413,Current
2130,666.0,19995,Current
2131,671.0,17583,Current
2132,731.0,10021,Current
2133,673.0,23771,Current
2134,638.0,11582,Current
2135,698.0,18455,Current
2136,709.0,18117,Current
2137,589.0,23950,Current
2138,680.0,22359,Default
2139,685.0,6262,Default
2140,635.0,12382,Current
2141,719.0,8327,Current
2142,642.0,23643,Default
2143,656.0,15020,Current
2144,641.0,22641,Default
2145,651.0,21848,Default
2146,595.0,19062,Current
2147,578.0,24678,Current
2148,730.0,11774,Default
2149,608.0,20160,Current
2150,600.0,6230,Current
2151,542.0,14076,Current
2152,618.0,8805,Current
2153,584.0,19715,Current
2154,732.0,10750,Default
2155,700.0,20627,Default
2156,616.0,18232,Current
2157,763.0,8135,Current
2158,699.0,11953,Current
2159,634.0,6546,Current
2160,525.0,20457,Current
2161,765.0,22478,Default
2162,581.0,7411,Default
2163,568.0,24001,Current
2164,701.0,19113,Current
2165,772.0,9145,Current
2166,719.0,7775,Current
2167,678.0,18193,Current
2168,680.0,17851,Current
2169,693.0,18070,Default
2170,688.0,24539,Current
2171,664.0,8970,Current
2172,655.0,19119,Default
2173,647.0,9331,Current
2174,612.0,15295,Current
2175,636.0,6942,Current
2176,565.0,21575,Current
2177,645.0,18404,Default
2178,601.0,5861,Current
2179,595.0,14275,Default
2180,659.0,22033,Current
2181,720.0,9134,Current
2182,696.0,16803,Default
2183,571.0,20408,Current
2184,601.0,22420,Current
2185,697.0,21351,Current
2186,601.0,9131,Current
2187,639.0,23532,Current
2188,678.0,17057,Current
2189,602.0,16349,Current
2190,655.0,16486,Current
2191,583.0,10457,Default
2192,620.0,11079,Current
2193,666.0,17453,Default
2194,570.0,23814,Current
2195,672.0,23263,Current
2196,649.0,17158,Default
2197,678.0,20735,Current
2198,661.0,20830,Default
2199,718.0,20125,Current
2200,656.0,16905,Current
2201,629.0,17298,Current
2202,656.0,7011,Current
2203,677.0,8373,Default
2204,652.0,15335,Current
2205,652.0,15692,Default
2206,615.0,19527,Default
2207,617.0,17773,Current
2208,580.0,6289,Current
2209,737.0,6447,Default
2210,588.0,24583,Default
2211,615.0,24567,Current
2212,614.0,19139,Current
2213,695.0,18757,Current
2214,635.0,10462,Current
2215,712.0,24600,Current
2216,616.0,24520,Default
2217,664.0,24702,Current
2218,608.0,24166,Current
2219,757.0,12657,Current
2220,591.0,9920,Current
2221,665.0,15345,Current
2222,682.0,13417,Current
2223,671.0,22160,Current
2224,641.0,10208,Current
2225,644.0,5687,Current
2226,652.0,21913,Default
2227,643.0,18223,Current
2228,698.0,13080,Current
2229,761.0,23537,Current
2230,622.0,14486,Default
2231,582.0,11094,Current
2232,646.0,12692,Current
2233,779.0,16088,Default
2234,610.0,8103,Current
2235,732.0,7440,Current
2236,734.0,12124,Current
2237,622.0,22228,Current
2238,678.0,19031,Current
2239,731.0,19536,Default
2240,631.0,5446,Current
2241,640.0,8915,Default
2242,621.0,20787,Current
2243,599.0,24493,Default
2244,618.0,22618,Current
2245,589.0,11587,Current
2246,652.0,5226,Current
2247,612.0,16151,Default
2248,662.0,10558,Current
2249,572.0,16971,Current
2250,667.0,5186,Current
2251,692.0,19680,Current
2252,550.0,19559,Current
2253,669.0,16069,Current
2254,711.0,7535,Current
2255,590.0,6932,Current
2256,734.0,7032,Current
2257,671.0,6252,Current
2258,615.0,10509,Default
2259,647.0,10074,Current
2260,678.0,18900,Current
2261,654.0,19523,Current
2262,677.0,6881,Default
2263,604.0,5269,Default
2264,658.0,6630,Default
2265,579.0,22958,Current
2266,644.0,18383,Current
2267,605.0,21152,Current
2268,613.0,16084,Current
2269,712.0,6695,Current
2270,705.0,24642,Default
2271,680.0,19821,Default
2272,595.0,8262,Default
2273,634.0,6445,Current
2274,711.0,21436,Current
2275,657.0,14949,Current
2276,766.0,23050,Current
2277,670.0,11901,Default
2278,660.0,24169,Current
2279,635.0,5719,Current
2280,657.0,13597,Current
2281,642.0,11855,Current
2282,685.0,23678,Default
2283,698.0,13263,Current
2284,611.0,19520,Default
2285,583.0,16874,Current
2286,558.0,19079,Current
2287,675.0,22082,Default
2288,595.0,12243,Current
2289,542.0,14018,Default
2290,669.0,21732,Current
2291,775.0,17100,Current
2292,650.0,21691,Current
2293,692.0,24800,Default
2294,654.0,9820,Current
2295,645.0,16001,Default
2296,696.0,18907,Current
2297,635.0,24942,Current
2298,663.0,16669,Current
2299,666.0,20916,Current
2300,617.0,15878,Current
2301,700.0,7985,Default
2302,641.0,13112,Current
2303,612.0,13467,Current
2304,677.0,23931,Current
2305,605.0,5336,Current
2306,651.0,15165,Current
2307,650.0,24363,Current
2308,704.0,17768,Current
2309,674.0,8968,Current
2310,649.0,5910,Current
2311,691.0,23380,Current
2312,720.0,20632,Current
2313,678.0,21279,Current
2314,651.0,8129,Current
2315,584.0,10447,Default
2316,597.0,11129,Default
2317,635.0,10850,Default
2318,620.0,12446,Current
2319,641.0,16949,Default
2320,653.0,13519,Default
2321,676.0,5314,Default
2322,646.0,16737,Current
2323,674.0,6134,Current
2324,653.0,15938,Default
2325,551.0,20588,Current
2326,603.0,13347,Current
2327,643.0,10592,Current
2328,590.0,23108,Current
2329,680.0,24727,Current
2330,727.0,22270,Current
2331,711.0,15997,Current
2332,639.0,5721,Current
2333,725.0,14104,Current
2334,657.0,24741,Current
2335,633.0,5870,Current
2336,619.0,11751,Current
2337,635.0,21881,Default
2338,631.0,6756,Current
2339,659.0,6117,Current
2340,658.0,16601,Current
2341,650.0,7828,Default
2342,672.0,19996,Current
2343,710.0,23031,Current
2344,697.0,18878,Current
2345,576.0,11992,Current
2346,522.0,18778,Default
2347,697.0,11771,Default
2348,582.0,21526,Current
2349,639.0,24145,Current
2350,591.0,8435,Current
2351,560.0,11622,Current
2352,677.0,17852,Current
2353,688.0,19806,Current
2354,621.0,15623,Current
2355,520.0,6848,Current
2356,623.0,7696,Default
2357,670.0,6717,Current
2358,576.0,24456,Default
2359,659.0,14259,Default
2360,649.0,7786,Current
2361,679.0,19154,Default
2362,656.0,18409,Current
2363,601.0,8791,Current
2364,710.0,8871,Current
2365,642.0,6806,Default
2366,649.0,22888,Current
2367,603.0,24692,Current
2368,628.0,18304,Default
2369,606.0,23074,Current
2370,641.0,20549,Current
2371,736.0,8303,Default
2372,581.0,24497,Default
2373,569.0,21061,Default
2374,724.0,20198,Default
2375,640.0,22888,Current
2376,617.0,15655,Default
2377,702.0,13924,Current
2378,620.0,14940,Current
2379,741.0,8924,Current
2380,684.0,14783,Current
2381,626.0,9485,Default
2382,758.0,17629,Default
2383,620.0,18233,Current
2384,687.0,17901,Current
2385,665.0,5191,Current
2386,715.0,9917,Default
2387,728.0,10831,Default
2388,652.0,15160,Current
2389,612.0,18682,Current
2390,673.0,17391,Current
2391,616.0,6874,Current
2392,751.0,14062,Default
2393,657.0,9763,Current
2394,632.0,15234,Current
2395,659.0,14221,Current
2396,583.0,16410,Current
2397,601.0,19519,Default
2398,710.0,6051,Current
2399,617.0,17225,Current
2400,598.0,14765,Current
2401,677.0,16382,Current
2402,709.0,17580,Current
2403,686.0,16989,Default
2404,700.0,16939,Current
2405,612.0,23489,Current
2406,579.0,5307,Current
2407,725.0,8359,Current
2408,634.0,8176,Current
2409,637.0,6251,Current
2410,716.0,10366,Default
2411,678.0,22901,Default
2412,673.0,11226,Current
2413,758.0,19330,Current
2414,618.0,9891,Current
2415,696.0,9992,Current
2416,653.0,6961,Default
2417,663.0,17497,Current
2418,726.0,24247,Current
2419,675.0,15848,Default
2420,677.0,18255,Default
2421,704.0,9567,Current
2422,632.0,21079,Current
2423,608.0,11513,Current
2424,598.0,20235,Current
2425,552.0,16755,Default
2426,753.0,16151,Default
2427,595.0,21567,Default
2428,639.0,8358,Current
2429,636.0,14590,Default
2430,665.0,15988,Current
2431,691.0,12678,Current
2432,693.0,10698,Current
2433,621.0,6273,Current
2434,642.0,16241,Default
2435,664.0,22480,Current
2436,638.0,14497,Current
2437,730.0,14107,Current
2438,675.0,16273,Current
2439,687.0,13002,Current
2440,683.0,9247,Current
2441,709.0,14220,Default
2442,659.0,24738,Current
2443,585.0,15703,Current
2444,670.0,20472,Current
2445,617.0,21654,Default
2446,624.0,22570,Current
2447,679.0,17392,Current
2448,712.0,16956,Current
2449,651.0,20641,Current
2450,665.0,18998,Current
2451,735.0,11305,Default
2452,662.0,23782,Current
2453,780.0,17721,Current
2454,678.0,11995,Default
2455,562.0,17427,Current
2456,688.0,18782,Current
2457,669.0,7230,Current
2458,714.0,11511,Current
2459,684.0,21512,Current
2460,643.0,14461,Current
2461,589.0,9765,Default
2462,640.0,18272,Default
2463,607.0,10552,Current
2464,621.0,5627,Current
2465,679.0,16989,Current
2466,733.0,18780,Default
2467,670.0,11589,Current
2468,590.0,7044,Current
2469,672.0,18171,Default
2470,710.0,23725,Default
2471,620.0,10884,Default
2472,643.0,13185,Current
2473,651.0,5249,Default
2474,611.0,24309,Default
2475,682.0,22358,Current
2476,644.0,14175,Current
2477,671.0,21260,Current
2478,606.0,7672,Default
2479,628.0,12279,Current
2480,686.0,13662,Current
2481,631.0,6987,Current
2482,736.0,21474,Default
2483,630.0,17948,Current
2484,661.0,18026,Current
2485,697.0,7773,Current
2486,579.0,18159,Default
2487,562.0,14878,Current
2488,574.0,15178,Current
2489,713.0,15377,Default
2490,622.0,12347,Current
2491,778.0,6008,Default
2492,622.0,8783,Current
2493,659.0,9298,Current
2494,727.0,9668,Current
2495,750.0,7052,Current
2496,753.0,6716,Current
2497,710.0,5310,Current
2498,701.0,19391,Default
2499,680.0,6260,Current
2500,689.0,18157,Current
2501,622.0,16460,Current
2502,609.0,21968,Default
2503,650.0,19011,Current
2504,641.0,7866,Current
2505,627.0,19365,Current
2506,685.0,10898,Current
2507,698.0,23395,Current
2508,654.0,11251,Default
2509,724.0,9939,Current
2510,593.0,9006,Default
2511,640.0,6625,Current
2512,614.0,15956,Current
2513,557.0,22274,Default
2514,646.0,11078,Current
2515,644.0,13923,Default
2516,726.0,8961,Current
2517,682.0,23888,Default
2518,599.0,13806,Current
2519,743.0,23103,Current
2520,711.0,18558,Current
2521,679.0,11686,Current
2522,639.0,6587,Current
2523,602.0,14803,Current
2524,631.0,22280,Current
2525,704.0,15350,Current
2526,744.0,23816,Default
2527,727.0,16454,Current
2528,626.0,20849,Current
2529,594.0,11837,Current
2530,657.0,6449,Current
2531,562.0,10454,Current
2532,666.0,14424,Current
2533,643.0,9117,Default
2534,627.0,13869,Default
2535,570.0,15850,Current
2536,676.0,23412,Current
2537,623.0,19343,Current
2538,592.0,11845,Current
2539,506.0,9624,Current
2540,649.0,13848,Current
2541,739.0,21549,Current
2542,733.0,18136,Current
2543,627.0,5589,Current
2544,620.0,24205,Default
2545,673.0,11509,Current
2546,600.0,12693,Default
2547,665.0,14454,Default
2548,688.0,21455,Current
2549,711.0,16708,Current
2550,645.0,17942,Current
2551,640.0,24964,Default
2552,606.0,21652,Default
2553,609.0,14968,Current
2554,639.0,7462,Current
2555,668.0,14460,Default
2556,696.0,6015,Current
2557,610.0,14275,Default
2558,725.0,18269,Default
2559,636.0,5406,Current
2560,649.0,12384,Current
2561,613.0,16268,Current
2562,529.0,22369,Current
2563,694.0,16795,Current
2564,687.0,9485,Default
2565,636.0,13901,Default
2566,653.0,7618,Default
2567,676.0,14603,Current
2568,572.0,11928,Default
2569,624.0,10368,Default
2570,690.0,9621,Current
2571,587.0,19719,Current
2572,665.0,16126,Current
2573,582.0,12566,Default
2574,673.0,17306,Current
2575,648.0,20086,Default
2576,569.0,22387,Current
2577,708.0,23850,Default
2578,613.0,23323,Current
2579,609.0,23019,Current
2580,660.0,14890,Current
2581,707.0,13095,Current
2582,599.0,17719,Default
2583,653.0,15283,Current
2584,671.0,23279,Current
2585,685.0,19231,Current
2586,659.0,19698,Current
2587,632.0,22457,Current
2588,609.0,10184,Current
2589,654.0,7402,Default
2590,596.0,9895,Current
2591,504.0,16404,Default
2592,672.0,20161,Default
2593,695.0,14343,Current
2594,532.0,15637,Current
2595,600.0,6956,Current
2596,681.0,12023,Default
2597,753.0,19062,Default
2598,651.0,19333,Current
2599,614.0,8907,Default
2600,641.0,5807,Current
2601,719.0,19031,Default
2602,618.0,9827,Default
2603,610.0,18699,Current
2604,626.0,9524,Current
2605,602.0,20193,Current
2606,656.0,21223,Current
2607,731.0,23668,Default
2608,666.0,10313,Current
2609,637.0,18598,Current
2610,635.0,18058,Current
2611,572.0,22141,Default
2612,694.0,9887,Current
2613,646.0,8854,Current
2614,641.0,17458,Current
2615,810.0,19536,Default
2616,665.0,8558,Default
2617,612.0,14772,Current
2618,629.0,22345,Current
2619,707.0,8575,Current
2620,656.0,7418,Current
2621,578.0,9198,Current
2622,696.0,6001,Default
2623,617.0,12119,Current
2624,744.0,24229,Default
2625,704.0,14673,Current
2626,628.0,10316,Default
2627,714.0,21244,Default
2628,653.0,21806,Current
2629,693.0,16873,Current
2630,674.0,9266,Current
2631,608.0,12549,Current
2632,618.0,24094,Current
2633,701.0,15589,Current
2634,633.0,6657,Default
2635,630.0,23925,Current
2636,602.0,11763,Default
2637,671.0,24459,Current
2638,753.0,8164,Default
2639,597.0,23437,Current
2640,651.0,13479,Default
2641,721.0,10737,Current
2642,646.0,24601,Current
2643,673.0,22831,Current
2644,597.0,11009,Current
2645,671.0,21991,Current
2646,641.0,9552,Current
2647,699.0,23148,Current
2648,709.0,14417,Default
2649,779.0,14221,Current
2650,679.0,7671,Current
2651,666.0,11519,Default
2652,660.0,8962,Current
2653,632.0,17734,Current
2654,667.0,18122,Current
2655,635.0,24561,Default
2656,658.0,8722,Default
2657,716.0,9906,Default
2658,600.0,12263,Current
2659,707.0,18699,Default
2660,716.0,16088,Current
2661,644.0,5808,Current
2662,544.0,14170,Current
2663,620.0,21260,Current
2664,715.0,22109,Current
2665,649.0,15693,Current
2666,600.0,12701,Current
2667,625.0,22600,Current
2668,692.0,23581,Default
2669,677.0,19191,Current
2670,638.0,24190,Default
2671,632.0,22356,Current
2672,630.0,18704,Default
2673,604.0,7123,Current
2674,731.0,16533,Current
2675,634.0,21608,Current
2676,711.0,19448,Current
2677,726.0,19586,Default
2678,700.0,6814,Current
2679,628.0,18001,Current
2680,670.0,22490,Default
2681,649.0,21508,Current
2682,605.0,24630,Current
2683,666.0,18380,Current
2684,591.0,20406,Current
2685,709.0,7931,Current
2686,627.0,18567,Current
2687,660.0,19038,Default
2688,664.0,17317,Current
2689,637.0,7971,Current
2690,679.0,7017,Current
2691,626.0,7415,Default
2692,694.0,24480,Default
2693,583.0,6609,Current
2694,656.0,5717,Default
2695,747.0,24945,Current
2696,600.0,17662,Current
2697,616.0,11782,Current
2698,676.0,6048,Current
2699,659.0,16618,Current
2700,668.0,13307,Default
2701,674.0,12905,Current
2702,682.0,14993,Default
2703,705.0,15338,Current
2704,670.0,10578,Current
2705,638.0,18834,Current
2706,684.0,23004,Current
2707,745.0,11548,Current
2708,643.0,12381,Current
2709,601.0,7941,Current
2710,705.0,10695,Current
2711,644.0,11401,Default
2712,541.0,20179,Current
2713,692.0,19456,Current
2714,623.0,18097,Current
2715,645.0,11197,Default
2716,667.0,10450,Default
2717,660.0,22937,Current
2718,685.0,22396,Current
2719,628.0,13378,Current
2720,676.0,6881,Default
2721,637.0,11799,Current
2722,687.0,19597,Current
2723,681.0,18675,Current
2724,603.0,9586,Current
2725,704.0,13430,Default
2726,623.0,7345,Current
2727,690.0,21459,Current
2728,668.0,14548,Current
2729,742.0,10877,Default
2730,639.0,11785,Default
2731,633.0,20833,Current
2732,649.0,9922,Current
2733,635.0,23714,Default
2734,690.0,9686,Current
2735,569.0,19407,Current
2736,597.0,23286,Current
2737,597.0,17205,Default
2738,698.0,18179,Current
2739,736.0,23443,Default
2740,645.0,21524,Current
2741,642.0,23173,Current
2742,654.0,5016,Current
2743,708.0,18374,Current
2744,604.0,21848,Current
2745,662.0,23211,Current
2746,699.0,10956,Current
2747,675.0,21473,Default
2748,659.0,9815,Default
2749,700.0,24235,Current
2750,515.0,7843,Current
2751,684.0,20972,Current
2752,617.0,22353,Current
2753,558.0,6094,Default
2754,676.0,11124,Current
2755,719.0,24579,Current
2756,643.0,6404,Default
2757,698.0,8982,Current
2758,731.0,17515,Current
2759,716.0,20790,Current
2760,732.0,17205,Current
2761,687.0,17748,Current
2762,654.0,8092,Default
2763,570.0,18971,Default
2764,638.0,19616,Current
2765,608.0,9933,Default
2766,759.0,9926,Current
2767,641.0,8969,Default
2768,656.0,7965,Current
2769,678.0,9319,Default
2770,652.0,13975,Default
2771,735.0,12108,Current
2772,619.0,14141,Default
2773,660.0,21428,Default
2774,613.0,6810,Default
2775,584.0,15273,Current
2776,619.0,14021,Default
2777,648.0,23293,Default
2778,629.0,11364,Current
2779,615.0,7581,Default
2780,580.0,5691,Current
2781,646.0,5931,Current
2782,575.0,18128,Current
2783,688.0,19226,Current
2784,654.0,18861,Current
2785,577.0,20475,Current
2786,635.0,8406,Default
2787,612.0,13339,Current
2788,666.0,22416,Current
2789,717.0,22695,Current
2790,556.0,13579,Current
2791,656.0,8121,Default
2792,642.0,23257,Current
2793,684.0,20946,Default
2794,661.0,8748,Current
2795,612.0,5277,Current
2796,634.0,23243,Current
2797,610.0,16563,Current
2798,704.0,11792,Current
2799,651.0,18918,Current
2800,745.0,15374,Current
2801,647.0,9675,Default
2802,615.0,6170,Current
2803,574.0,13681,Current
2804,560.0,15717,Current
2805,571.0,17450,Current
2806,663.0,15680,Default
2807,675.0,15068,Current
2808,571.0,7462,Current
2809,695.0,18650,Default
2810,626.0,5287,Current
2811,657.0,23291,Current
2812,731.0,6161,Current
2813,695.0,21513,Current
2814,637.0,7363,Default
2815,605.0,10983,Default
2816,542.0,21527,Default
2817,614.0,13207,Current
2818,639.0,19758,Current
2819,601.0,5244,Default
2820,643.0,22310,Current
2821,654.0,8178,Current
2822,639.0,7176,Current
2823,617.0,10002,Current
2824,658.0,5886,Current
2825,672.0,24782,Default
2826,595.0,18721,Default
2827,721.0,17142,Current
2828,645.0,7654,Current
2829,651.0,16984,Current
2830,685.0,22755,Default
2831,662.0,12135,Current
2832,698.0,5320,Default
2833,664.0,9654,Current
2834,619.0,21131,Current
2835,668.0,15770,Current
2836,593.0,11553,Default
2837,655.0,16559,Current
2838,648.0,14009,Current
2839,640.0,18482,Current
2840,644.0,12498,Default
2841,556.0,11636,Default
2842,623.0,12362,Current
2843,655.0,21395,Default
2844,658.0,21578,Current
2845,599.0,7537,Current
2846,713.0,24226,Current
2847,607.0,20216,Current
2848,698.0,23613,Default
2849,671.0,8009,Default
2850,618.0,19209,Current
2851,739.0,20675,Current
2852,590.0,20029,Default
2853,696.0,7077,Default
2854,700.0,18907,Current
2855,616.0,8867,Default
2856,720.0,21152,Current
2857,637.0,9873,Current
2858,664.0,13635,Default
2859,663.0,5297,Current
2860,643.0,18095,Current
2861,691.0,14036,Current
2862,690.0,6015,Default
2863,563.0,6384,Default
2864,715.0,13745,Current
2865,567.0,23734,Current
2866,702.0,22653,Current
2867,706.0,6260,Current
2868,595.0,12701,Current
2869,629.0,15401,Default
2870,595.0,20519,Current
2871,639.0,16864,Current
2872,635.0,20681,Current
2873,689.0,10543,Current
2874,716.0,23265,Default
2875,720.0,17488,Current
2876,622.0,15079,Current
2877,640.0,15744,Current
2878,566.0,8809,Current
2879,610.0,12206,Current
2880,698.0,18746,Current
2881,731.0,20995,Current
2882,588.0,21035,Current
2883,620.0,16671,Current
2884,649.0,18210,Current
2885,664.0,22793,Default
2886,610.0,10197,Current
2887,671.0,20553,Current
2888,626.0,12452,Current
2889,649.0,13718,Current
2890,677.0,19859,Default
2891,650.0,7172,Current
2892,628.0,18158,Default
2893,645.0,21663,Current
2894,646.0,24053,Current
2895,631.0,16085,Default
2896,637.0,8981,Current
2897,730.0,10247,Current
2898,678.0,15553,Current
2899,635.0,11135,Default
2900,685.0,10573,Current
2901,633.0,18731,Default
2902,709.0,12189,Current
2903,668.0,19541,Default
2904,645.0,15878,Current
2905,672.0,16087,Default
2906,571.0,18667,Current
2907,594.0,7776,Default
2908,590.0,14311,Current
2909,657.0,12697,Current
2910,737.0,19629,Current
2911,762.0,13386,Current
2912,682.0,22046,Current
2913,675.0,13044,Default
2914,560.0,14615,Default
2915,623.0,20034,Current
2916,611.0,10060,Default
2917,619.0,15900,Current
2918,642.0,10581,Current
2919,626.0,7014,Default
2920,551.0,17997,Current
2921,687.0,15635,Default
2922,596.0,18648,Current
2923,662.0,12148,Current
2924,754.0,23748,Current
2925,604.0,19022,Current
2926,523.0,10919,Current
2927,636.0,20886,Default
2928,705.0,11638,Default
2929,748.0,9651,Default
2930,589.0,5609,Current
2931,675.0,12940,Current
2932,627.0,15348,Current
2933,645.0,8866,Current
2934,782.0,21755,Current
2935,575.0,21999,Default
2936,663.0,7253,Current
2937,673.0,9942,Current
2938,704.0,17330,Current
2939,655.0,5864,Current
2940,665.0,6268,Current
2941,630.0,12454,Default
2942,663.0,18666,Current
2943,633.0,17370,Default
2944,681.0,10229,Current
2945,632.0,21309,Current
2946,669.0,23621,Current
2947,649.0,9054,Default
2948,706.0,5935,Default
2949,647.0,17172,Current
2950,561.0,15530,Current
2951,713.0,20560,Current
2952,605.0,21156,Current
2953,617.0,21709,Default
2954,620.0,14726,Current
2955,719.0,12774,Current
2956,543.0,6985,Current
2957,807.0,19252,Current
2958,703.0,9603,Current
2959,661.0,24162,Current
2960,647.0,20960,Default
2961,664.0,14462,Default
2962,676.0,19166,Current
2963,682.0,12754,Default
2964,678.0,19246,Current
2965,654.0,9078,Current
2966,640.0,17853,Current
2967,642.0,22751,Current
2968,640.0,9042,Current
2969,707.0,21284,Current
2970,680.0,19389,Current
2971,503.0,7575,Default
2972,683.0,11754,Current
2973,660.0,22965,Current
2974,649.0,6986,Current
2975,631.0,23624,Current
2976,706.0,20470,Current
2977,697.0,10968,Default
2978,611.0,12493,Current
2979,670.0,9103,Current
2980,601.0,7076,Current
2981,581.0,7994,Current
2982,619.0,8744,Current
2983,693.0,19466,Current
2984,698.0,19523,Current
2985,676.0,10594,Current
2986,686.0,12531,Current
2987,676.0,12371,Default
2988,618.0,19547,Current
2989,672.0,23028,Default
2990,690.0,8144,Default
2991,688.0,18990,Current
2992,709.0,19083,Current
2993,685.0,21626,Current
2994,668.0,12954,Current
2995,704.0,12269,Current
2996,649.0,12130,Default
2997,606.0,11828,Default
2998,642.0,13844,Current
2999,613.0,19220,Current
